id,name,model_id:id,group_id:id,perm_read,perm_write,perm_create,perm_unlink

access.kontrak.pengambil,access_kontrak_pengambil,model_kontrak_pengambil,,1,1,1,1

access.setor.setor.partner,access_setor_setor_partner,base.model_res_partner,waste__management__biomag.group_setor_user,1,1,0,0
access.setor.setor.users,access_setor_setor_users,base.model_res_users,waste__management__biomag.group_setor_user,1,1,0,0
access.setor.setor.user,access_setor_setor_user,model_setor_setor,waste__management__biomag.group_setor_user,1,1,1,0
access.setor.setor.admin,access_setor_setor_admin,model_setor_setor,waste__management__biomag.group_setor_admin,1,1,1,1

access.setor.setor.ambil,access_setor_setor_ambil,model_setor_setor,waste__management__biomag.group_ambil_user,1,1,0,0
access.ambil.ambil.user,access_ambil_ambil_user,model_ambil_ambil,waste__management__biomag.group_ambil_user,1,1,1,0
access.ambil.ambil.admin,access_ambil_ambil_admin,model_ambil_ambil,waste__management__biomag.group_ambil_admin,1,1,1,1

access.jadwal.pengambilan.user,access_jadwal_pengambilan_user,model_jadwal_pengambilan,waste__management__biomag.group_jadwal_setor_user,1,1,1,1
access.jadwal.pengambilan.admin,access_jadwal_pengambilan_admin,model_jadwal_pengambilan,waste__management__biomag.group_jadwal_setor_admin,1,1,1,1

access.jadwal.pengambilan_det.user,access_jadwal_pengambilan_det_user,model_jadwal_pengambilan_det,waste__management__biomag.group_jadwal_setor_user,1,1,1,1
access.jadwal.pengambilan_det.admin,access_jadwal_pengambilan_det_admin,model_jadwal_pengambilan_det,waste__management__biomag.group_jadwal_setor_admin,1,1,1,1

access.laporan.laporan,access_laporan_laporan,model_laporan_laporan,,1,1,1,1